<?xml version="1.0" encoding="UTF-8" standalone="yes"?>
<addon id="plugin.video.redbulltv2" name="Redbull TV2" version="0.0.6" provider-name="nedge2k">
	<requires>
		<import addon="xbmc.python" version="2.20.0"/>
		<import addon="script.module.elementtree" version="1.2.7"/>
	</requires>
	<extension point="xbmc.python.pluginsource" library="default.py">
		<provides>video</provides>
	</extension>
	<extension point="xbmc.addon.metadata">
		<summary lang="en">Redbull TV</summary>
		<description lang="en">Watch Redbull TV content</description>
		<platform>all</platform>
		<website>http://www.twitter.com/nedge2k</website>
		<source>https://github.com/nedge2k/kodi.plugin.video.redbulltv2</source>
	</extension>
</addon>
